id,name,sex,category,naziweight,degreeweight
HBS,Heidi Benneckenstein,1,1,2,277
FBS,Felix Benneckenstein,2,0,2,55
SBS,Sohn Benneckenstein,2,0,2,0
OMMS,Oma Mütterlicherseits,1,0,0,14
OPMS,Opa Mütterlicherseits,2,0,0,10
BJ,BILD Journalist,2,0,2,0
MR,Mutter Redeker,1,0,2,22
BF,Beste Freundin,1,0,2,0
VR,Vater Redeker,2,0,2,70
OPVS,Opa Väterlicherseits,2,0,2,0
OMVS,Oma Väterlicherseits,1,0,2,19
L1,Lehrerin 1,1,0,2,0
BFC,Carolin,1,0,2,0
LI,Librada,1,0,2,0
TH,Therapie,6,4,1,0
L2,Lehrerin 2,1,0,2,0
THIN,Therapeutin,1,0,2,0
KZ,KZ Dachau,6,4,1,0
POL,Polizei,6,2,0,0
JN,Junge Nationaldemokraten,6,2,2,0
HDJ,HDJ,6,2,2,65
NPD,NPD,6,2,3,26
DVU,DVU,6,2,2,0
NSU,NSU,6,2,3,0
FVE,Freunde von Eltern,6,0,1,0
BDM,Bund Deutscher Mädel,6,2,3,0
ASR1,Älteste Schwester,1,0,0,15
ASR2,Ältere Schwester,1,0,0,16
JSR,Jüngere Schwester,1,0,0,0
SCH,Schule,6,4,0,0
LDFNJ,Liederbuch,6,3,2,0
AP,Ahnenpass,6,3,2,0
ST,Stahlgewitter,2,3,3,0
LS,Landser,2,3,3,0
GBS,Gigi und die braunen Stadtmusikanten,2,3,3,0
EF,Erster fester Freund,2,0,2,0
BHiJ,Braunes Haus in Jena,6,4,3,0
NAL,Nazi Aussteiger Literatur,6,3,0,0
TUN,Nachrichten,6,3,0,0
BIMB,Baska und ihre Männer Buch,6,3,2,0
PAZ,Preußische Allgemeine Zeitung,6,3,2,0
HR,Haus Redeker,6,4,1,37
HRF,Heinz Rühmann Filme,6,3,1,0
SF,Sissi Filme,6,3,0,0
EMS,Eisenbahn Modell Spiel,6,4,0,0
SV,Schützenverein,6,2,0,0
NR,Nachbarn der Redeker,6,0,0,0
ZOLL,Zoll,6,2,0,0
AMP,Amerikanische Produkte,6,4,0,0
ALDI,Aldi,6,4,0,0
PK,Pumuckl Kasetten,6,3,0,0
BBK,Bibi Blocksberg,6,3,0,0
DM,Deutsche Märsche,6,4,2,0
BM,Bob Marley,2,0,0,0
HH,Hip Hop,6,3,0,0
BIB,Bibel,6,3,0,0
VSS,Seminar Streitschlichtung,6,4,0,0
KITA,Kindertagesstätte,6,4,0,0
KGS,Klassengemeinschaft,6,4,0,0
KR,Krieg,6,4,6,0
PFF,Pflegefamilie,6,4,6,0
FGA,Familiengutachter,2,2,0,0
WTAF,Tagebuch der Anne Frank,6,3,2,0
UM,Ungarisches Mädchen,1,0,0,0
DK,Dorfkinder Kaliningrad,6,0,0,0
DMU,Dietmar Munier,2,0,2,0
GST,GSTmbH,6,2,2,0
AMS,Agnes Miegel Siedlung,6,4,2,13
AM,Agnes Miegel,1,0,3,0
RE,Richard Edmonds,2,0,2,0
BNP,British National Party,6,2,2,0
HF,Herbert Fritz,2,0,2,0
NZ,Nationalzeitung,6,3,2,0
GE,Götz Eberbach,2,0,2,0
HGWSS,HGS ehem Waffen SS,6,2,2,0
BRL,Rechtspopulistische Literatur,6,3,2,0
BHJ,Bund Heimattreuer Jugend,6,2,2,0
WJ,Wiking Jugend,6,2,2,16
FR,Frank Rennicke,2,0,2,0
GK,Gundolf Köhler,2,0,2,0
OFA,Oktoberfest Attentat 1980,6,2,6,0
WS,Wolfgang Schäuble,2,0,0,0
HJ,Hitler Jugend,6,2,3,0
DEJ,Der ewige Jude,6,3,2,0
HA,Heinrich Anacker,2,0,2,0
KPF,Katholische Pfadfinder,6,0,0,0
JZ,Zwölfjähriger Junge,2,0,1,0
BRD,BRD,6,2,0,0
HDJA,HDJ Aktivitäten,6,4,2,0
FF,Funkenflug,6,3,2,0
WES,Werner Sombart,2,0,0,0
TIN,Tino Müller,2,0,2,0
DAP,David Petereit,2,0,2,0
DWW,Der Weisse Wolf,6,3,2,0
ALB,Alf Börm,2,0,2,0
JRG,Jörg Hähnel,2,0,2,0
ALS,Alexander Scholz,2,0,2,0
SER,Sebastian Räbiger,2,0,2,10
IGFL,IG Fahrten und Lager,6,2,2,0
DJS,Deutscher Jugendbund Sturmvogel,6,2,2,0
IM,Innenministerium,6,2,0,0
AFPA,Antifaschistisches Pressearchiv,6,3,0,0
AGGG,AGGG,6,2,2,0
JUR,Jürgen Rieger,2,0,2,0
WON,Wolfram Nahrath,2,0,2,0
RAW,Ralf Wohlleben,2,0,2,0
RW,Race War Skinhead,6,3,2,0
SYS,Sylvia Stolz,1,0,2,0
RN,Raoul Nahrath,2,0,2,0
WGN,Wolfgang Nahrath,2,0,2,0
NPDT,NPD Treffen,6,4,2,0
UDP,Udo Pastörs,2,0,2,0
SIS,Sigrid Schüssel,1,0,2,0
BEZ,Beate Zschäpe,1,0,3,0
UWM,Uwe Mundlos,2,0,3,0
UWB,Uwe Böhnhardt,2,0,3,0
FDV,Fest der Völker,6,4,2,0
TTNJ,Thüringentag der NJ,6,2,6,0
TOL,Torsten Lemmer,2,0,2,0
KSE,Kameradschaft Erding,6,2,2,0
FBSF,Corinna,1,0,1,0
FBSV,Felix Benneckenstein Vater,2,0,0,0
FBSM,Felix Benneckenstein Mutter,1,0,0,0
CHR,Christoph,2,0,1,0
M,Max,2,0,1,0
S,Steffen,2,0,1,0
NOB,Norman Bordin,2,0,2,0
KSAS,Kameradschaft Süd,6,2,2,0
AN,Autonome Nationalisten,6,2,2,0
PNKJ,Punks,6,0,0,0
IND,Inder,2,0,0,0
ETT,Erdinger Tage der Toleranz,6,4,0,0
BEA,Beamter auf Stadtfest,2,0,0,0
VRZF,Stiefmutter,1,0,2,0
KSDO,Kameradschaft Dortmund,6,2,2,0
FRB,Friedhelm Busse SS Siggi,2,0,3,0
KLF,Linke NSDAP Kameraden,6,0,1,0
RGR,Rechte Gewalt in Rostock,6,4,6,0
RGM,Rechte Gewalt in Mölln,6,4,1,0
RGS,Rechte Gewalt in Solingen,6,4,1,0
AMSY,Attentat Münchner Synagoge,6,4,6,0
MAW,Martin Wiese,2,0,2,0
KSM,Kameradschaft München,6,2,2,0
FNM,Freie Nationalisten München,6,2,2,0
ANA,Antifa Aktivisten,6,2,0,0
AH,Adolf Hitler,2,0,3,0
USA,United States of America,6,4,0,0
JUD,Juden,6,4,0,0
WST,Der Westen,6,4,0,0
AUSL,Ausländer,6,0,0,0
JKNG,Kongolese,2,0,0,0
ISL,Islam,6,4,0,0
PAD,Pädophile,6,0,0,0
THF,Thiazi Forum,6,4,3,0
ALM,Altermedia,6,4,2,0
TFRB,Fritz Brand,2,0,2,0
TFO,Osiris,1,0,2,0
TFS,Siglinde,1,0,2,0
HEG,Hermann Göring,2,0,3,0
MAB,Martin Bormann,2,0,3,0
RUH,Rudolf Heß,2,0,3,0
HAR,Hanna Reisch,1,0,2,0
NSFD,Niederschlesisches Feriendorf,6,4,0,11
WSF,HDJ Wintersonnwendfeier,6,4,0,0
SSW,Stiefschwester,1,0,1,0
DTS,Deutsche Stimme,6,3,2,0
SLE,Sleipnir Rechtsrock Band,6,3,2,0
MDR,Mitteldeutscher Rundfunk,6,4,0,0
RHB,Reiterhof,6,4,2,0
JGL,Jugendleiter,6,4,2,10
EHFA,Ein Haus für alle,6,3,0,0
VDB,Versand der Bewegung,6,4,2,0
KAJ,Albaner,2,0,0,0
NPDP,NPD Passau,6,2,2,0
VNPDP,Vorsitzender NPD Passau,2,0,2,0
FNPDP,Junge Frau in NPD Passau,1,0,1,0
EFNPDP,Ehefrau in NPD Passau,1,0,2,0
EMNPDP,Ehemann in NPD Passau,2,0,2,0
VSH,Vier Sterne Hotel,6,4,0,0
CVSH,Chef Vier Sterne Hotel,2,0,0,0
KEFBS,Felix Kumpel 1,2,0,6,0
JAMIG,Gefängnisinsaßen,2,0,0,0
KVDW,KVDW,6,3,2,0
BAF,Bock auf Freiheit,6,3,2,0
FBSBE,Felix Bruder 1,2,0,0,0
FBSBZ,Felix Bruder 2,2,0,0,0
FBSBD,Felix Bruder 3,2,0,0,0
UDV,Udo Voigt,2,0,2,0
THW,Thomas Wulff Steiner,2,0,2,0
FFRB,Frau Busse,1,0,6,0
ANTF,Antifa-Fotograf,2,0,0,0
PRF,Pro Familia,6,2,0,0
BBS,Baby Fehlgeburt,6,0,0,0
MIM,Michael Müller,2,0,2,0
PHH,Philipp Hasselbach,2,0,2,0
C,Cindy,1,0,1,0
KZFBS,Felix Kumpel 2,2,0,2,0
BIAS,Bürgerinitiative Ausländerstopp,6,2,2,0
KAR,Karl Richter,2,0,2,0
KHS,Karl Heinz Starnberger,2,0,2,0
NS,Nationalsozialismus,0,4,3,0
EXIT,Exit,6,2,0,0
ABAY,Aussteigerhilfe Bayern,6,2,0,0
ENK,Eltern von Nina,1,0,0,0
ZEIT,Zeit Online,6,3,0,0
SPO,Spiegel Online,6,3,0,0
KNSG,Konsumgesellschaft,6,4,0,0
EMKF,Emanzipierte Karriere Frauen,1,0,0,0
BTG,Betreuungsgeld,6,4,0,0
NPDLT,NDP MdL,1,0,2,0
PNKM,Punkerin,1,0,0,0
FHU,Ferienhaus Ungarn,6,4,0,0
LHFS,Hotelfachschüler,6,0,0,0
RZ,Russischer Zöllner,2,0,0,0
KKM,Klassenkameradinnen,1,0,0,0
TLA,Typ vom Liederabend,2,0,2,0
VVS,Verfassungsschutz,6,2,0,0
VS,Vater Steffen,2,0,0,0